White,WhiteElo,Black,BlackElo,Result
palko213,1500,azzam2011,2114,White
migssxwz,2034,MASTER_EN,1871,White
dalcrozeee,1500,Nsetiadi,2266,White
Pitchoun92,1932,Realdish,1803,White
Nassreddine,834,Nsetiadi,2266,Black
williamtandika,1920,Mok43,1930,White
shaurma8642,929,Nsetiadi,2266,White
negrojudio284,1500,santoshome,2046,Black
PEDREROL,1165,Haider-Albayati,1329,White
Amirdostaneh,1500,zjy1,1132,White
Abrahamgrostur,1568,Agussupendi,1901,White
leonardodavinci-it,1718,tommygun999,1283,Black
mrsimons,1809,This_is_Ludwig,1500,Draw
dewa_kibulll,1624,gsuccessacad,2008,Black
drini93,1353,Sergey___Sergey,1506,White
sajeermk,1726,Abrahamgrostur,1568,Black
FrightTheKnight,1646,sajeermk,1726,White
felopater8,1124,Johnny1973,2007,Black
steveuct,1716,haesi0,1975,White
Norm53,2391,Mush329,2082,White
PEDREROL,1165,rahman4343,828,White
kneekitten,1534,Saqmadique,1541,Black
Manueltxo,2097,Amindenit,1977,Black
boki2505,2332,kuzmich_kogot_bobra,1500,White
Sniper_63,1962,kuzmich_kogot_bobra,1500,Black
Maksim_22,1500,sohny91,1842,White
Atauaupa,1719,Henry_Kl,1877,Black
Ljenkins0331,1747,TheSpider99,2084,White
bietihaben,2099,jamesmir89,1141,White
bishopthingy,2259,EdinaldoRoberto,1500,White
Leosiltis,2016,thomylight,1951,Black
lojjinn,1329,PhongNoPro_19,1366,White
ayush_sur,1218,akvksk,1739,Black
Pacodalocovato,925,asldasdl,1426,Black
gagagagagagagg,927,badawy015,2213,Black
murod0099,1399,Makimo_CX,1779,White
FaygoVibes,1764,nani4119,2175,Draw
GomaTech,1774,MisterJMK,1273,Black
emi_85,2146,Germancarlos,1500,White
Polyanskiy1210,1268,wollas,1600,Black
ismetaliyazan,2158,aenigmaticoxxx,1844,White
osiris1212,2506,boblach40,1665,White
empaycyruss,1487,Antonieta1,1732,Black
OpaPommes,2224,haythemszcz2,1074,White
Morgan123_MX,2281,Alexg1908,1266,White
Branbcro,1164,felixxs3,1500,Black
forcenifer,2142,MergusCerson,2184,Black
naim116,1449,Labeat,2133,White
coryh12345,1397,santanuchak,1721,White
kingwalklikeding,2523,miaoLOL,1432,White
alfil_negro13,1590,asumanco,1500,Black
Indeec-ru,1874,Rachid30,1637,White
betting12,2295,Ralf2705,1683,White
jamaltravmat,1500,carlodm2211,1500,Black
stephen_3000,2232,xxtimexx,1500,Black
AleksandrKus,1470,thekillerdoggy,1500,Black
issa3kun,2597,PetrovBluff,1208,White
akbarkarimi48,1500,heysurya,1303,White
orsoindomito,1441,xhirnx,2386,Black
bmk1234,1557,perakreca,1534,Black
ManthanBokde,1414,brandonhmwn,1088,Black
JennyZalez23,1687,RobertFisher16,1500,Black
MontanaGambit,1955,mariusmuller,1463,Draw
ChessyJokesMate,2143,Barabka,1866,White
Mladen64,1922,Captaincodd,1580,Black
kris9999,988,OzNeFerrari,1500,Black
sasha7272,1946,maximus1112,1176,Black
Darko13,1124,antique_1965,1799,Black
Bratushkov,1370,taha_ks,1476,White
fernandovillalba,1500,BigMoney_Schacharena,1022,Black
Quartzhill,2019,Drinfierno67,1500,Draw
Nijigajan,1912,santanuchak,1721,Black
PEDREROL,1165,Amirdostaneh,1500,White
Karpow3,1873,Ru2024,2389,Black
ILove2Mate,1631,My4ess,1435,White
My4ess,1435,DehawT,1851,Draw
WojciechKuczkowski,1770,Skif271,1874,Black
thebigusy,1482,boz808,1545,Black
DilpreetSeera,999,nafasebaba1393,1179,White
jefmi,1952,CanCrane,1500,Black
bimbonbu,1950,naim116,1449,White
Edelveis800,1301,alextihoretsk,2348,Black
Jess_Canapi,1513,lanetica,1642,White
coryh12345,1397,MazyBOY1990,2260,Black
vadlapudividyasagar,1154,lanetica,1642,White
stephen_3000,1985,vladimir-ru,1817,Black
himotalderna,1500,ifk00000,1664,Black
gmxenxen01,1946,rublik001,1293,White
LuciyFromTheHell,1192,ultramatcha,2380,White
sasha7272,1946,AleksandrTihonov,1500,Black
Peterburg888,1831,ERIKMANDRAX,1507,Draw
coryh12345,1397,Mars0808,1828,Black
komp563n,947,Urakov_95,746,Black
abdulrzaq199,1004,sasha7272,1946,White
ENTYPE,2558,Karamaz1313,1836,White
deepfluke,2101,anyelovi,2344,Black
joe8155,1965,aichikai,1286,White
Zukertort2655,1872,ildottore1981,1409,Black
yareg9,1515,lanetica,1642,Black
aenigmaticoxxx,1844,FrancoVoxFalange,1146,White
edwibbb,1370,serggas,1663,White
SuarezAybarMiguelupc,1830,payandeeee,1720,White
IYaski,1824,usaciclap,1500,Draw
mutaman100,1263,LucasCabrera06,1303,Black
xianguo,1670,chito082564,1500,White
ideal2K,2239,levi12333,1701,White
Ravibhat,1928,ABelsi,1772,White
wollas,1600,Gvgyhhhg,1738,White
Makarov_Nikoly,1604,Dmitriy-Menshikov,1698,White
MacLeBrandt,1249,Vidyasagar86,1801,Black
My4ess,1435,Knarfie1,1524,Black
Erike12,2614,mojtaba6666,2417,White
sebaantonucci,1534,XORDAD,2062,Black
Nijigajan,1912,Joseluis1p967,1052,Black
polpusa,1377,Nijigajan,1912,Draw
msalnave2,1700,Eaglepower,2066,Black
Nijigajan,1912,ThatShrannie,1655,White
antony4455,1751,fiodor99,1357,Black
robertv123423,1181,amazingretiopening,2384,Black
imdefonalt,1701,albon,1924,White
temagd,1540,felipeksksksa,1559,Black
bilal4041,750,selimegl,627,White
Stanislav_1971,1262,JennyZalez23,600,Black
SkaPunkBoy,1484,Ralf2705,1683,White
few1h,1713,JJLEXOU,1500,White
showaliye_siyah,1757,tugrulkizilgul,1872,White
HuntingRunners,1765,nordjevel,888,Black
carlodm2211,1500,penguiinnnnchess1,1504,White
Lehoang9898,1030,UghThisGuyAgain,1500,Black
KureijiOllie,1008,PoIG,1002,Black
rizzbirr,1591,carrolondon,2505,White
Vasileia82GR,2405,bigshowjinxjun,2383,Black
gvjsudarshan5302,873,NDmitriy,1773,Black
jaber84,1495,Asurraa,2031,Black
patwari_parshad,1672,HarroTheGoat,2315,Black
axiomaxiomatic,1742,Hottdogg64,1943,Black
Ozknozen6,1499,Molashiadavid2006,1948,White
kateaway,1511,Dev45chess-456,1500,Black
tucano11,1518,alextihoretsk,2348,Black
mahajix,1947,kharislorenzo,1679,Black
iesayce,2289,aprelev12,2003,Draw
Ahmed_ashrf_u07,1546,arjunsingh13,2089,White
Oversizedtees,1641,Pejantantangguhnih,1941,Black
HikarutheArabs,2451,koznazna,1802,White
CristianoTheGoat,1500,marcelorodrigues15,1464,White
young_lion,2303,Samsulkenn,3035,Black
mergenxk,2187,dhiogosilva,1282,White
vivaansha,985,jivesh06,2063,Black
L55e97f07b,2034,twinkli,1843,White
Nijigajan,1912,boriskobis1,1622,White
dkorsun,1336,dankapsan,2306,Black
mihark1,2128,Uvg37,1136,Black
dddddd1337,1787,BigMoney_Schacharena,1022,Black
anyelovi,1500,funaoo,1201,White
Ilminator1,1421,murod0099,1399,Black
Nijigajan,1912,Haroonloveschess,1191,White
volodyaa1,1110,Elendil62,1355,White
Iliys198,1553,hfzzylcn,2128,Black
Very_Old_Chess_Lady,1508,euphoriauwu,2219,Black
BeatusCor,1317,sbk70,1748,White
yourname61,597,qwezxc1111,1749,Black
Givemeachance007,629,Logmann,1889,Black
warpointpro,1874,soyleyenda_777,1921,White
karim_555,1773,NDU_RCT_Ambolodto,1492,White
BeatusCor,1317,dfgl,1714,White
kafanski_sah,1829,Morgan123_MX,2281,Black
intern1234,1500,Koninaaaaaaa,1426,White
Frisbee1,1342,mando1400,633,White
ulhas69,1225,Arun_pandiyan,1636,Black
mjekrra,1405,Alex116603,1780,White
zoom050,2406,Anton23233,1344,White
zjy1,2385,Buudka05,2038,White
nani4119,2175,VoiculescuC,1500,White
Grigorian_Artyr,2275,chessmaster3040,2100,White
ibroker,2185,Johnny1973,2007,Black
gukserg,1688,mariusmuller,1463,Black
QSQTQFQ,2225,kav06031951,1783,White
DeepVicious,777,moen8742,2158,Black
Mojtaba1414,2255,doc1st,1713,Black
nagato666,1745,st_petrovich,1708,White
Mayhem_25,1616,maxoliver63,793,White
midgley,1743,audieepoy04,1580,Black
frankwhite125,1692,Mojtaba1414,1610,White
Piedra2022,1330,alekskz,2178,Black
kylemoely,1581,streploz,2060,White
desanatierra,2345,boz808,1545,Black
Streploz,2060,Vigor54,1692,White
billybodybuilder,1981,gunkka,962,White
abdelrhmankamel84,2011,Kakaroto2262009,1449,Black
Dipakbera,1892,mercurio5,2467,White
Fedor-009,1500,gigant303,2028,Black
khadernijim,1572,MalekAdawi,1344,White
xanman5001,1500,djseje,943,Black
alexandrij_shell05,1900,ifk00000,1664,Black
gerrytabora,1458,IlijaBjelanovic11,1500,White
MikuLoverBoy,1406,donaltrampa2,1500,White
chenyueyue1225,2433,El_Professor_00321,1388,White
AmanRaj69,968,paul2541000lll,782,Black
MatSeruna,1018,brooasadds,1179,Black
vigor54,1692,malarkan1217,1711,Black
Joseluis1p967,1052,dhiogosilva,1282,White
Skif271,1874,snooky06200,1500,Black
DavidZeldi,540,KindlyNurse,1113,Black
zetrixss,1556,Chabitoo,1846,Black
akbarkarimi48,1500,ILove2Mate,1631,Black
Mieczyslaw20,1500,Leonnnardo,1464,White
DracoX,1500,Realdish,1803,White
Mg1968-52,1432,Caterpillar_88,2128,Black
hater78,1620,masama1,1500,Black
MrSprinterGMD,1500,papa-vlad,937,Black
Foiterhitohionigh,1636,kuopio,1380,White
A4711,2356,holias,1649,White
AndersIP,1112,RodrigoEduardo89,1903,Black
PoIG,856,Mohit027,778,Black
saeed94,1676,JohnBestBlunder,1607,White
AntonioITA,2439,murod0099,1399,Black
bird2Run,1942,rrudolfkraft,2060,Black
thao38330,1993,uzeaf,1237,White
anatoly_22,1350,F1NK19555,2637,Black
MRosul1,1705,AmirViscount,2066,Black
hhyyuuuuu,2233,ruslankarta,1448,White
Alex_Pak,1311,SergunyaH,1317,White
Belok-Kiri,1437,blackram06,1394,White
Dencio22,2130,dravesh150kg,1924,White
fiodor99,1357,dfgl,1714,Black
aleksandr454017,1500,alextihoretsk,2348,White
palko213,1860,brcondori,1965,White
Giga_007,1474,Ljenkins0331,1747,Black
uglerod78,1746,judedaA1p2,1706,Black
lusaeeb,1418,tyapil,2095,Black
pepelopez,2123,boriskobis1,1622,White
IvanBataev,1772,Sulphur2023,1376,Black
SJDWorld,1500,ckkutik,2263,Black
tomeu2,1701,uzunmehmet,2067,White
DominicGallagher7,1489,mahmoud7oda777,1500,White
hp669,1763,JamesTheMadCoder,1500,White
ideal2K,2239,h3mp,1053,White
EL3SSY,1500,Pelejador20,2088,Black
kaan087,2219,akvksk,1739,Black
Akane_Akane,1828,BRSOTB,1147,White
can33-33,2159,gringo81,918,White
sariyildiz,1796,EsatHilmi,1087,White
BENJA2122,1500,v52,1596,White
KagetheGrandMaster,1500,mrgreennn211,1228,White
MucciSmops,640,alextihoretsk,2348,White
vtan01,1500,ramchandra786,915,White
akvksk,1739,TeacherMessias,1500,Black
men7137,1595,ObyFischer,2124,White
POLAT_ALEMDOR,1202,humillacholos3000,1562,White
Bobmel,1683,King_James05,1500,White
slaviclev,1976,AnalyticalMindR,2092,Black
MalekAdawi,884,Dijabolik,1989,Black
pooriabf,1670,CaoMinhKhoi,1384,White
mms1970s,1872,Asadbek2010,897,Black
Anita-Max-Wynn,1457,ChessPlayerUkraine05,1863,White
nedyalko1,1772,adwaidmj,1861,White
Realdish,1803,ifk00000,1664,Black
JHUZIN,1527,zeratul93,1022,White
tucano11,1518,Raj008vardhan,1473,Black
rossofiorentino98,1177,DracoX,1500,Black
blackram06,1326,Hikolay,925,White
alexandrij_shell05,1900,Yuri_Kuzmin,1634,Black
ktsarnakliyski,1069,zipirc4n0,2295,Black
Mparsa123,1761,Branni_04,1589,Black
AhmedFathy33220055,1952,Baizakov454868,1804,White
Ali_naim2020,1505,haxmatist7373,1500,Black
sjdworld,1500,AlejandraSonidera,1284,White
waldo35,940,FeRuMeNoK,1071,Black
lapsed,600,LoginovVladislav,1907,Black
rrudolfkraft,1500,RUSLANZUBKO,1817,Black
ILove2Mate,1631,aminsef,1769,White
ifchan,979,kawon01,1156,Black
SSSF,1500,TheEnemiez,2170,Black
ahmedabed32,1760,ckkutik,2263,Black
SBK70,1054,Yuri_Kuzmin,1634,White
Saliheey,1039,Kwisatz1Haderach,1412,Black
CHEVALIER-TAO,596,FandeMagnus,1964,Black
Ahmedfakher0,1500,itsmefr,1500,Black
can33-33,2159,eduardito48,1226,Black
DenisKoLeo,1500,roninisc,1872,White
SIRJHUNCRIS555,2040,RollaStogie,1723,White
Enfermito127,2183,Shorin_Petr_66,1761,White
poly-gon,1951,jerreljr,1500,Black
Khaledidrees,1683,BlakAlex,1526,White
streploz,2060,tomazselinsek,900,White
mbva1361,1947,ke3o,2148,Black
asumanco,1500,Turan19,1903,White
asumanco,1500,zxcursed_lens,1256,Draw
crown85,1451,AOC335,1688,White
Ubaustino,1505,ZaichikovN,1500,Black
Mikele44,2256,stasyan75,1834,Black
hunadipu,1722,IvanBataev,1772,White
boriskobis1,1444,Buacabakim05,1026,Black
orangelady,2600,IvanBataev,1772,White
ERIKMANDRAX,1507,JGabiSouza,1245,White
Makarov_Nikoly,1493,ab0baa,1444,Black
incognito-mister,2092,klepac12tin,1317,White
Ru2024,2389,DaxtanRP,1562,Black
kyuzhe,1500,Msueng,1242,White
michelFrance,1847,BRSOTB,1147,Black
serggas,1663,AhmedElbialy972,2169,Black
Ahmedfakher0,1500,eduardito48,818,Black
xxcorvixx,1500,pinkipaanther1,2184,Black
michelFrance,1847,Luisangellugo1356,1912,Black
kaankerem,1341,neversober,939,White
Payam_Salar,1409,theblueberryguy,1500,White
Makarov_Nikoly,1493,Hikolay,925,Black
avnicetiner,722,hamerasad,1500,Black
DE-Berserk,1934,Hamada2411,1100,Black
dvjdjvu,1235,Shkhlapeta_33,1294,White
dfgl,1714,PrideSubsist,2010,Black
Ivan_Mantorov,984,Marc-Evans_751,1500,White
szapolyka,1500,Azadikise,2082,White
Boroska1981,2098,lojjinn,1329,White
nairnihar,1282,NEMEZMAKREsss,1391,Black
Seyaruk,1878,athibanrr,872,Black
ary4nsingh,1309,barba52,1944,Black
rilana76,1907,anandiyadav,1081,Black
M_Wizon,1432,Shahtulan,1438,White
yash81,1805,wu0206,1729,Black
joolww,1697,Asurraa,2408,Black
CoroNestorA,1654,EHoTuKkk,1774,Black
alefreuter,1500,bullet6767,1500,Black
Arinckasti,2150,Alojzy_Trabka,1904,White
VladGlavinskii,1669,NCS_20,1900,White
timashi,1500,tomer25561,1027,Black
Arinckasti,2150,Ramkeerthan_Menon,872,White
alexandrij_shell05,1900,fachero,1500,Black
anubhav1019,1984,SethosOneAndOnly,1700,Black
David6750,1203,Saleh1479,1370,Black
volcania17,1981,MahlalelaKT,1144,White
BigMoney_Schacharena,1022,AidenBijesh,1006,Black
Ljenkins0331,1747,alirezaparniaa,1678,White
Ryan_GGG,1315,MohamedSamirl,1898,White
JUNIORPAULISTA1890,793,akvksk,1739,Black
oubx,1500,poffarbacco,2137,White
Boris52,1937,lovac1963,1696,Black
avnicetiner,722,RGB6,2194,White
Rascar667Capac,1375,GAhmed_musaffara,1658,Black
msalnave2,1700,mirakuru1,1689,White
Meura,2207,SpeedyPawns,2450,Black
Alexandre0910,972,ICopyYourMoves,2016,Black
jabir85,1953,michelFrance,1847,Black
noah101706,1913,CoroNestorA,1654,White
Norm53,2391,zaramanzoori,1088,White
JUNIORPAULISTA1890,793,annie54F,1486,White
Turkey125,1446,abdelrhmankamel84,2011,Black
shwet5855,981,izqiyan,1562,Black
Opayabed,1397,ajaydefgn,1500,White
CanCrane,1771,gfjhgfjhgjfhgjfhgjfg,1366,White
kaumil2001,2169,ke3o,2148,Black
RUTHLESS_teja,1756,annie54F,1486,Black
chenyueyue1225,2433,mobhrajdip,1762,White
sunfire659,1149,rahulkhare_07,1197,Black
karara,1512,Gyrah,1793,Black
Gyrah,1793,karara,1512,White
Ost4p_B3nd3r,2433,umec,1745,White
Korbendallas1,884,Player0712,2222,Black
Mladen64,1922,Spriteperm,1865,White
chkamran,1707,Ali3399,1494,Black
ab0baa,1444,dfgl,1714,White
Ali_Bayat_18,1716,A28042008F2,1823,White
janesk,1795,Pele1960,1881,Black
UghThisGuyAgain,1500,karthik_yuvaraj_2009,2111,White
Kabardigo,2029,papyg,1760,White
P3d4s1,1500,Serjo-1964,1647,White
smn12238,1208,sultane4e5,1097,Black
coldthecold,2010,slaviclev,1941,White
aydin071285,1579,Youzhik10,2201,Black
alirezaparniaa,1678,aliqasim56,1500,Black
KingAbbasov,1903,Shadow-data,2386,Black
glistasaji,2091,millanwe,2236,Black
Tristifer_Botley,1218,atidra_krass,1674,White
shahvar1979,1809,ADomeirat,1671,White
soyleyenda_777,1153,shahvar1979,1809,Black
msalnave2,1700,saltamonte1956,2035,Black
Z72,1483,alcalino1,1602,Black
ICopyYourMoves,2016,saliheey,1130,White
michelFrance,1847,FA27,2161,White
Mattia000,1054,ByLitdeg,1245,White
romanqoy,515,eyurdagul,1295,Black
kharislorenzo,1679,benzema17,1550,Black
vtan01,1500,thu-2011,1572,White
Freddzo,1849,DracoX,1500,Black
johnlocke88,1948,mehdi-f,1500,White
Hossine24,1076,goldenknight6,1996,White
AntonioITA,2439,deeznuta,1660,Black
efeyigit13,1320,Boris52,1937,Black
ylmzfrt,1848,Mars0808,1828,Black
Cl1ve,1707,ENTYPE,2558,Black
Cl1ve,1324,tg-one,1583,White
fmvarganowak,2203,M_Wizon,1500,Black
csdodo,2292,PlayingChess1369,2366,White
Captaincodd,1580,GAOSLATERCERA,1537,White
serjo-1964,1647,lanetica,1642,White
IvahnenkoVladimir,2308,Yur_y-38,2176,Black
KOMO435,953,musliiman35,1500,Black
Norm53,2391,Knight_ACE1,2075,White
wezly94,1921,bebonite,897,White
Langelomisterioso,1644,deeznuta,1660,Draw
Lakers129,1065,cloudworrior,1500,Black
jojo0193,1499,maxtop13,1728,White
maximus1112,1176,tripce,1175,Black
aleksandr454017,1500,alagiampi,1500,White
ERFAN_the_great,2205,RUCHIKAAA,2072,White
syndikat_7,1253,faisalhjgyjjgj55666b,1153,Black
Marc-Evans_751,1500,Branbcro,1164,Black
ulik-srulik,2331,PawnMenace,1823,White
FKCLS,1407,mo-hasans,1947,Black
Ryzechess00,1251,Gereto,2881,Black
mo-hasans,1947,opozoc1,2428,Black
Gmapplied,2815,Antonino12,1362,White
lovac1963,1696,Jose_Carreno,1763,White
hhyyuuuuu,1659,sampler0x1,2363,Black
evewynuwuu43,932,thechesscyclist,1500,Black
hhyyuuuuu,2233,holias,1649,Black
Mattia000,1054,Yugumix1985,1676,White
EskoKaz01,1974,Ss18raketa,1302,White
Amimos,1852,khalfanoo,1709,White
Amimos,1500,JohnBestBlunder,1607,Draw
Romann1980,1256,Meleagan,1378,White
MR176,1231,Burak1881,1218,Black
kyle0381,1734,Dianadindin,651,White
aljouker00,1726,Mhmd_Imath,1402,White
Olenrwot,1636,Pelejador20,2088,Black
Juank2023,1500,Ayman29000,887,Black
sebcarzab,1764,katalonec600,1483,White
anrong,1500,asep_hendra75,1846,White
fiodor99,1357,vkashaev,2407,White
Evertonduartew,1597,CyrusLOL,1649,Black
enb2281337,2167,ankaegesahn,2555,White
SEOtodo,1500,ygui22,2504,Black
danilponchik,1610,EsLaMEmbAbY12,915,White
GabrielGoderidze,2126,Streploz,2060,Black
twinkli,1843,hhyyuuuuu,2233,White
payamoham,1793,Paya2012,966,White
aria_vahedi,1344,AtvikzXD,1792,Black
Chanderk,1690,ccc_7Flut,1023,White
Peyman_Hesenov,1300,skelet_off,822,White
vtan01,1500,onurlalbek,1637,White
Bruhman1xd,1628,hornitoqueiru,2028,White
JRoaro,2008,Tavira,1500,Black
bulletkiller79,1994,Rey1965,1988,White
Jamesband,1770,joolww,1697,White
serkanerkara,1630,Arseniyluchy,1500,Black
CelineHomes,2059,KoomerProHD4k444,1670,Black
zenmenz,1687,mehrdad36790,1752,White
kiriki90,1643,R1shat,652,Black
NARSPI,1402,streploz,2060,Black
ruslankarta,1448,vidyuthb,1288,White
Gektsis,1183,Acro324,1554,Black
GrandMasterTortunov,2439,xindy,2235,White
Tigrouner,1254,levski1,2470,Black
seotodo,1500,Belhout_Saleh,1258,White
Aktauchess,2253,EDTECH2021,1937,Black
nafasebaba1393,1179,aminmohammadbahamin,1257,Draw
Andrey_vlg,1635,serkanerkara,1630,White
Andrey_vlg,1635,nickfox2,1692,Black
nasvay111,1004,P3d4s1,1500,Black
iraqitrappa,1500,streploz,2060,Black
karthikeya121,1438,Oneminute77,1468,White
bsmittyyy14,1468,jnowaczy45,1295,White
summergeorge,2780,Camila120911,803,White
bsmittyyy14,1468,holias,1649,White
Koze0,2012,PiusM,1268,White
bariskayra16,990,Korbinian_Dichtl,1318,Black
Moe19933,1410,Alikarim1,2128,White
FrightTheKnight,1646,Aditya16,1827,White
bakr2010,2076,playravisub,1930,White
igorT007,1738,JUZIF10,1847,White
atidra_krass,1674,abdsaddam,1721,White
hhyyuuuuu,2233,hambogo,1509,Black
BojanYu,1500,kudukha,1500,Black
qynoob,1500,alirezaparniaa,1678,White
ERIKMANDRAX,1507,ab0baa,1444,Black
Gektsis,1183,vilayet,1193,Black
sebaantonucci,1534,HuberHeinz,1982,Black
dfgl,1714,Serena7777,741,White
IK_Martin,2171,Samuraigodno1,1899,Black
orangelady,2600,king7gold,1428,White
chessnooba,2011,sitigalaktika,1917,White
wraithwalk,2116,Obamna77,1296,White
pol772,1237,cataramba2000,1500,White
NeverLose07,1203,Yuri_Kuzmin,1634,Black
Boabdill,2116,vgavrilo,1821,Black
pavdu69,1438,Gektsis,1183,White
VascaL8,1527,Dijabolik,1989,Black
Mundotoro,1342,edvardram777,1454,White
EsLaMEmbAbY12,915,cledsoncrist,1785,White
Bichocolorado,1513,Chess_bazigar,1649,Black
odinov,1264,Ran_0811,1590,White
vladimir-ru,1817,garmabsard,1902,White
Lewie_Paine,1209,chkamran,1707,Black
Captaincodd,1580,kafanski_sah,1829,Black
johnbooboohead,1620,kawon01,1156,White
mazdak-d,1518,fiodor99,1357,White
tofek7715,1076,razvanzrn,1500,Black
yanamaross,1582,jjoefish,1601,White
Steven609,1717,Rff117,1556,White
MindscapeMateM,2047,Branbcro,1760,White
Barhoumian,1358,Kadir1218888,1790,White
Norm53,2391,Alexandre0910,972,White
PaulMorphycrazy,2199,Daikip,1194,White
rilana76,1907,Jaderyepes90,2051,Black
ifk00000,1664,Dmitriy-Menshikov,1698,White
Dmitriy-Menshikov,1698,Otchym,1362,Black
EgorovVS21,1795,arif_fadilah,1755,White
moebelwagen,1500,JaxMen,1563,White
LimeDeutsch,715,Chess_aeron202411,1686,Black
shahzadashher,1620,sv424,1472,White
viktorbass,1387,jontehei,2106,White
Guru_AQS,1635,Alexg1908,1571,White
Stefano901,1500,ahmetdogan45,869,White
BiliQ,1347,Thomasrenfield,1814,Black
Mohammad_Noer,1500,johnnash6262,1500,White
advmo,1447,Fattsmann,1500,White
RVN_Brvsh,2490,tirsomontesino,1456,White
Wojtek60,1323,ERIKMANDRAX,1507,Black
CoroNestorA,1654,Selamssss,1840,Black
strongforcehold,1761,dresina,1500,White
bololereve,1265,ilhamganteng25,2226,Black
William_JamesMoriart,1745,R1shat,1124,White
Lusya69,1245,antique_1965,1799,Black
swetha2006,2189,majdali110,1500,Black
ulhas69,1225,zetrixss,1556,Black
azeddine1992,2190,naim116,1449,White
Farror,1820,Noroeste,1992,White
jeanpwls,891,SCANNNNA,1500,Black
rjcc97,1362,Aminesait,1074,White
Tobell19,1137,Rianious,1080,White
brcondori,1965,alaanadi,1500,Black
pavelfed,1929,JuabeEJ,1653,White
szilagy,1945,pawnsquat,2002,Black
destroyer02,1500,Henry_Kl,1877,Black
pavdu69,1438,tchingtching,1317,White
kitrish,2087,eunoeo,1816,White
Gandaswag,1180,adletos,1676,White
kokosiki,1299,Emilianomirabal257,1496,Black
serggas,1663,yassinezizo,1500,Black
Crazybiber,2199,knightlouse,1669,White
ZeMoChe,1535,JethroPh777,1372,Black
davinho1999,1500,very_old_chess_lady,1508,White
sulaiman_sulai,1965,xiiitamagoyaki,1479,White
osdcoolervlad,1299,charlie_chees,2146,Black
Sunset_Loverprprpr,1499,kawon01,1156,Black
QyNoob,1500,hakar1397,1350,White
saliheey,1039,E_J_L,1973,Black
iAmAble,1809,hhyyuuuuu,2233,White
SteveUCT,1716,Giant_Ki11er,1500,White
kenz1w,1927,Piedra2022,1330,White
wahidp,911,Norm53,2391,Black
pavdu69,1438,INCHESSTICIDE,1661,White
Chidhange,1718,CKOLIKOCLOB,1663,Black
QyNoob,1500,Bomb_Blaster,1702,White
El665,974,herudawe,1883,Black
Azerbaycan-Qax,1404,florianrian,1955,Draw
KCSPS1211,1479,AmerikosYT,2494,Black
QyNoob,1500,Black_angel30,2058,White
msalnave2,1700,Denis-leusov,1467,White
NARSPI,1402,AarushhParashar,1500,White
D1neX1107,1277,Truonglmaovc,1801,White
sv424,1472,ferno86,1878,White
Manueltxo,1836,tushh4rr,1500,Black
Lapapapa,1711,shorin_petr_66,1761,Black
enesque,1500,Joseluis1p967,1052,Black
vladimir-ru,1817,Duvian34,1250,White
Ahil2021,1826,TheChessCyclist,1500,White
emlyn_wynne,1049,ERIKMANDRAX,1507,White
Hharrish,1630,kris9999,988,Black
Branbcro,1164,sinantwelve,676,White
Ivan2887,1400,knightlouse,1669,Black
PEDREROL,1165,Juan-solo,1455,White
BerndK,1629,Hharrish,1630,Black
DVV88,1955,Amindenit,1977,Black
shrfx99,2604,pepelopez,2123,Black
divi256999,1836,gueret13,2129,Black
Boabdill,2116,mumud123,1858,White
WNAnt68-1219,1548,can33-33,2159,Black
tuan_kampung,1776,henryofskalitz22,1307,White
ab0baa,1444,mitchspyk,1194,White
blunder_king222,1684,ke3o,1500,Black
SBK70,1054,malakiamaepa,1132,White
Easywin10,1247,Mars0808,1828,Black
Hamze_Chaser,1965,Menes224,1143,Black
QyNoob,1500,naim116,1449,White
advmo,1447,Naga_Prasanna,1500,White
Biryuchok,1852,IdikovTimur,1367,White
Boabdill,2116,garmabsard,1902,White
miodragsj,1500,Rompalomp,1233,White
Karl0001,1873,vigor54,1692,White
vgavrilo,1821,PhD_ita,1938,Black
Naytikm10,1724,Alex11a,1637,White
strongforcehold,1761,edsy,1409,White
E2830694481,1988,Lakyranger,1410,Black
jhuacpe18,1948,yellowrock16,1273,Black
Master-KnightRider,1900,bora5533,1242,White
Romann1980,1256,sami1962,2468,White
Beerus2_0,1500,IliyaAlex,1782,White
alphacyxnide,1827,VGavrilo,1821,White
Krol1k1,2550,Riad_Emara,1056,White
ahmed10egypt,2465,Joseluis1p967,1052,White
bravejohn,1180,ciccioccia,2000,White
ZAyN_ARONIAN,929,Vespucci333,921,Black
tor007,1662,KKTTlovechess,1290,White
LucasOnChess,1367,yokibears,1954,Black
Marc-Evans_751,1500,Daikip,1194,White
lakaka123r44,1598,fachero,1864,Black
rilana76,1907,ajayverma029,2061,Black
leinad191,2131,ferdyggs,2188,White
Milon048,1841,Akane_Akane,1828,Black
DavidThomas01,600,LucasCabrera06,1303,Black
riturajchaudhary7,2109,igorT007,1738,White
sizwemolefe,1323,chiggy2706,1484,White
KRALSC,1792,guanacaso,1922,Black
DominiqueDawkins,1735,Drgitesh1961,1392,Black
AtvikzXD,1500,Fulkrum,2016,White
Jorgatorbot,985,mazdak-d,1500,Black
kusen,1985,mms1970s,1872,White
Alackofesk,1681,stepanmat00,1500,Black
OpaRodenwald,1591,polskiediebuty,1500,Black
PEDREROL,1165,shadowmonarch56,2034,Black
polskiediebuty,2122,kh_abdulloh,1500,White
formation_46,1500,Nocturne1984,1500,White
Julyanaimarettim,900,s1r3um,1833,Black
Realdish,1803,Combative_Beast,1927,Black
ShadowUnknown11,1673,CanCrane,1771,Black
Gektsis,1183,greilopez,1191,Black
twinkli,1843,alextihoretsk,2348,Black
Elyas200,1457,camzone123,2408,Black
LucaBart1983,1525,Phyhagoras,1210,White
perakreca,1534,BKKK12,1500,White
Gapa_besposhadnyi,1934,AarushhParashar,1500,Black
shahvar1979,1809,YngTallent,1332,White
klasidow,1477,shahvar1979,1809,White
Chess_hack818,1500,AnaKinas1,1549,Black
sawni8,1933,CCC1975,1761,White
Skysungalaxy,1319,mapkku,1121,Black
mai20124,1994,VanyaRussian,1848,White
konodiota,2174,ins84,1419,White
Captaincodd,1580,pedritoq,2203,White
CEOofCZ,2207,talalabb,996,White
Henry_Kl,1877,karthikeya121,1438,White
kusen,1866,Packletka,1619,Black
dangertema,1051,aniket04,1553,White
barba52,1944,karan_modi,1681,White
bernd_kaiser,1842,anrong,1500,Black
Claudiius,1046,Hemoa,1500,Black
skejbsjsksj,1899,DiegoGi,1395,Black
sirsmoopie,1367,Gflee63,1027,Black
sasankallb,1214,kusen,1866,Black
mazdak-d,1500,CHessloverNOTGM,1500,Black
samir-fakhouri,1500,ngoc2k12,1061,Black
vadim97,1427,samir-fakhouri,1500,Black
TheNightKnightDay,2066,yash81,1805,Black
Jyvvie,2217,NCS_20,1900,White
uvnish,1500,streploz,2060,Black
TexasCharlie,890,andr96,2020,White
ArsiPlaysChess2,1229,jnoonan,1082,White
legendkb,1325,mohammadrezadelghavi,2233,Black
pavdu69,1438,yixu_07,938,Black
Ta2022,1500,ervadguney1,1042,White
sasankallb,1214,Stiki90,1937,White
Ali2298110573,1500,mithrandiris,1500,White
uvg37,1136,mdsarva,2002,White
thechesscyclist,1500,fiodor99,1357,White
BojanYu,1500,joolww,1398,Black
Jakupovic-Habib-2026,2362,Mcora,1782,White
vitaly72,1410,Uvg37,1136,Black
Germancarlos,1500,Ellsaraa,1500,White
Hilti176,1500,EnzOevTV,1500,Draw
Panashe201,650,deepfluke,2101,Black
XxKHALDONxX,1500,Mario-198,1326,Black
xSqlyz,1500,lulu72,1508,White
Acella,1807,Jack3r,1892,White
Romann1980,1256,wilson70033,981,White
Russia2000,1057,hectoribalop,1120,White
CheckmateKings171,1957,ahmed10egypt,2465,Black
yokibears,1645,Nosmorimosonosmatamo,2602,Black
Saqmadique,1527,wessamelking,2010,Black
ERIKMANDRAX,1507,ser19999,1148,Black
berkekaytantr,1118,KhuntyPoo,783,Black
dhiogosilva,1282,Eban_npci,1841,Black
Kai_ro,1727,ngoc2k12,1039,White
janez7348,1679,wenjy,1500,Black
EnigmaticStepan,2129,kaumil2001,2169,White
Yash22080,759,Wustenfuchs11,2374,Black
fab_barney,1338,GameChanger_033,1154,Black
jaber84,1495,asumanco,1500,Black
Ivan_Mantorov,984,kishor431818,404,Black
diendeptrai1234565,1500,HARDBRIX,1500,White
ss88_serik,963,lichon1,1628,White
orangelady,2600,dhodysetyawan,2045,White
hajaghaa,1687,midgley,1743,Black
ILDIAVOL0,2258,spoup42,1500,Black
EdinaldoRoberto,1500,TexasCharlie,890,Black
leost79,1016,Melmenshawy,1681,White
phil2024,1744,STHA_RONAK,1934,White
ALIGAR458,1471,Alvarodg89,1745,White
Rubi_chess,1826,jasemjasemjasem,1987,White
bicycle1-2,1601,GarikTatos,1449,Black
fGcunkn,1292,Qqub,1342,Black
stevefinnan,1718,Clemmi,1882,White
HAWK2008,1678,E2830694481,1988,White
plikhta,1352,Lakyranger,1410,Black
Uvg37,1136,AnaKinas1,1549,White
shahvar1979,1809,Kartal_Musti,1924,Black
xkuwaldax,1656,aidilllll,1355,White
NaserOs,1782,JUNIORPAULISTA1890,793,White
smagora25,1847,Andrey_vlg,1635,White
aidilllll,1355,Skysungalaxy,1319,White
damskie,1500,yika1234,1270,Black
E_J_L,1973,Bambuk3,1559,White
Tuores,1903,AAyeee,1427,Black
zzz_sleep,1518,eunoeo,1816,White
tenebrific,2459,AjCeltics,2006,White
petarungjalanan,2611,migoo_33,1684,White
the_art_teacher,1875,salmanlatieff,1394,Black
aidilllll,1355,QyNoob,1979,Black
airybeaminghawk,1581,Mohamed_Altaweel,1802,White
eunoeo,1816,tenebrific,2459,Black
Uvg37,1136,YourBro007,1834,Draw
hornitoqueiru,2107,titeburat69,1500,Black
Ahmed_ashrf_u07,1546,siwakotisandesh,1301,Black
fati_mogheyseh,1499,CKOLIKOCLOB,1663,Black
redstarcp,1873,Hardware98,1762,White
Eaglepower,2066,Hemoa,1500,Black
CHessloverNOTGM,1500,fachero,1500,White
ns0000,1190,romashfka,2131,Black
Ponkerface1,1848,apoll12on1,1161,Black
nehir_sunazma0303,1310,vitaliy_1974,1450,Black
CHessloverNOTGM,1500,tal606,1140,Black
pecker241,2186,AMoore999,2256,White
pierobaldo,646,Nero_234,810,Black
Alex11a,1637,Tansang0983453018,1040,White
Negotonk,1786,Vishnu_E_K,1230,White
SalvatoreLeonel,1500,JDA216,802,White
Reposha,1500,lovesomexdrl,1069,White
xsqlyz,1500,GGBRO33,2216,White
streploz,2060,AlejandraSonidera,1284,White
kharislorenzo,1679,MdHasinurRahman,1979,White
streploz,2060,JSMC1_M,988,White
steve_master_live,1588,Pelejador20,1500,White
aa055,1469,AshyBunny,1507,White
klimpuckov,1500,Abromand50,1986,Black
AhmadShukri,1454,Joseitur,1329,Black
kerberosthereaper,1413,Belleandro,2440,Black
Beginner00000007,723,I2098347123894712,2400,Black
danny130204,1500,SticKCHA0S900,1883,Black
fifalarasya,2527,TheEnemiez,1500,White
AMoore999,2256,nikolay_second,1777,White
JD01,1828,chkamran,1707,Black
DirtJ,1044,axiomaxiomatic,1742,White
khorzookhan48,1380,junak_010,1392,Black
Padreturoldo,1217,Fulcra,2037,Black
AMoore999,2256,QyNoob,1500,Black
byron1824,1238,tenzomenzo,2205,Black
MERYEM-1973,1769,goldencheckers,2154,Black
urbadithink,1500,Mehanichka1221,1700,White
Mafiozi24,1353,MAGNUSSUNGAM,1811,Black
rohamshariat1388,1388,ulik-srulik,2331,Black
vdzwaag,1500,ChandraArdli,1500,Black
bassamdarras,1349,porshevich,2062,Black
Parlindungan16,1937,sulaiman_sulai,1500,Black
e4Yamir23,1500,ferdyggs,2188,White
Elendil62,1355,PhamDangNguyen0304,1500,Black
bilibil,1500,carlodm2211,1500,Black
sontung2024,1862,winveryeasy,1407,White
Teals53,2461,dmedinah12,1587,White
SAIFali123,1199,migoo_33,1684,Black
cabbar1212,1500,MahdiMortezapour,1252,White
norman555,1943,QSQTQFQ,2225,Black
AhmedZenhom_PFCAR,1229,piotrus72,1753,Black
hazz23,1501,Packletka,1529,White
Kartal_Musti,1924,saad_mst9m,2002,Black
sekhar_rocker,1080,Koksohimik,1271,Black
MagnusYTB,2182,Andrua3334,1729,White
illicit1234,884,CoroNestorA,1654,White
Riad_Emara,1056,allexano,1106,White
shahvar1979,1809,blazenope,1500,Black
vishnu_XD,1344,rilana76,1907,White
Kratox782,1790,chkamran,1707,White
jrfijrrf,2294,Soontobezakru,1855,Black
stockfish113,2057,tejasmore2768,1261,White
Muadz87,1102,hakanic,1255,White
deepa_M,1736,Statix11,1349,White
Puping2,1504,gs47,2196,Black
manoj431,1924,conisker,2166,Black
i_am_feh,1153,minhtuedz2012,1500,Black
yourbro007,1834,Alvarodg89,1745,White
BigMoney_Schacharena,1022,AOC335,1688,Black
janesk,1795,eunoeo,1816,White
CheckmateKings171,1957,st_petrovich,1708,White
alexisstoned,1492,viktorbass,1387,Black
stxvxn99,1688,pds3535,1488,White
cztel,1903,JGabiSouza,1245,White
I2098347123894712,2400,hhyyuuuuu,2233,White
Johnny1973,2007,VlChess100,1500,Black
Liepo,1787,Lakyranger,1410,White
Aramayis888,1794,moatazahmed9090,1707,White
poloverdier,995,Gektsis,1183,White
soyleyenda_777,1921,iamkushi,1500,Black
Reborn26,1710,Panashe201,650,White
KSVas,1302,Joseluis1p967,1052,Black
YoungBizness,1068,xaver_mayer_85,1120,White
gsuccessacad,2008,mohjamal90,1503,White
grprabhu,1464,hacker_pro_max_v2,1543,Black
Ponkerface1,1848,UGotStomped,1943,Black
nikolay_second,1777,Dao_lord,1931,Black
M_Wizon,2616,Rankal,1785,White
Saim097,1492,RABITTO,1809,Black
whateverxd,2431,FDAcorrupta,2100,White
capablanca3421,1414,sams3434,1500,Black
joseptakespawns,1840,CoroNestorA,1654,White
midgley,1743,Kuvla,2319,Black
Time_Mgmt,1784,Serjo-1964,1647,White
thedomster,1580,jadoof,1275,White
tleukinanvar,1399,Botiruzbek,1453,White
Pelejador20,2088,Anthasena,1837,White
British_Habsburg,1663,mai20124,1994,Black
Karl0001,1873,brayonwilliam,1067,Black
yur_y-38,2176,ars326,1024,White
tigre2004,1683,Orcotex,1053,White
Uvg37,1136,ghitics,1785,White
Norm53,2391,curlbarra,1547,White
RBavMir,1500,Christinanasser2000,1165,White
BoosterLuck,1155,Mieczyslaw20,1500,Black
Genervin,1869,sergix03,1476,Black
TheLastJudgment000,1500,nehir_sunazma0303,1310,White
Genervin,1869,istigermate,1156,Black
pavdu69,1480,SovaPlayer,1322,White
Ljenkins0331,1747,Campeon1953,1572,White
Bobmel,1998,Norm53,2391,Black
the_art_teacher,1500,XIIITamagoyaki,1479,White
miaoiao,2058,Kuvla,2319,Black
kalonsd,1926,wwwweee1,1766,White
ifk00000,1664,shijilnanu,1719,White
Azkaband,1725,Nurdauren_Kuanyshbek,2002,Draw
kharislorenzo,1679,kalonsd,1926,Black
thedomster,1580,vyoub,1734,White
Ss18raketa,1623,Magnus_Karlsen321,1573,Black
KingDrewE,1972,Negotonk,1786,Black
DaddyHikaru,679,Lizardgg,829,Black
Ant_056-8,1759,JorisGeelen,1261,White
Crazylion77152,1313,samabid334,1573,Black
Supratim95,1998,Eon_Hunter,1019,White
hermesknightmove,1665,alextihoretsk,2348,Black
felopater8,1470,Blasmartinez33,1312,White
Henry_Kl,1877,Jorge_19,1707,White
thayron2006,900,Justinian_the_Greatt,1929,White
Ajustice,1451,alextihoretsk,2348,Black
Karl0001,1873,Akane_Akane,1500,Black
Intimushka,1294,Bole888,1167,Black
rakip01,2288,ERIKMANDRAX,1507,White
KyzerChess98,2218,rakip01,2288,White
nico1976,1533,PoviSebi,1967,Black
jonpekgla,1909,cataramba2000,1500,Black
Pero_44,1699,sami1962,2468,White
Nathaly_2687,1500,RUSLANZUBKO,1817,Black
Ricbrother,2067,MisterJMK,1273,White
JUNIORPAULISTA1890,965,konzolasvv,1563,Black
EMI_HP,2209,santoshome,2046,White
Mostafa2555,1777,Erastro6913,1797,White
Delmanto,1149,fransdaniel,2218,Black
Akane_Akane,1828,MERYEM-1973,1769,White
geni_geni,1840,Thecd,1478,White
rishi648,1500,mangimblud,1788,Black
FDAcorrupta,2100,mrgreennn211,1228,White
gmmmmmmmmmmmmmmmmmmm,1468,ChuongTrann08,2041,Black
esatck,1500,Abdou-bkr,744,Black
Noguera74,877,LucaBart1983,1525,Black
pooriabf,1670,efeyigit16,1605,White
wessamelking,2010,AdamScasny05,1931,Black
ssasxas,988,SBK70,1054,White
ugotstomped,1943,Murat-Aka-Shipashu,699,White
CarJavier,2075,samir-fakhouri,1500,Black
sawni8,2019,Archangel112,2042,Black
AlicanteChess,2433,Sasa_Popovic,2109,White
juraschess,2270,mahilsash,1315,White
Rozinval,1589,soyleyenda_777,1153,White
pavdu69,1438,abdelrhmankamel84,2011,White
debashiskar,1426,romanqoy,515,White
KLUBASD,867,scarface2112,1601,Black
tompropro1234,2070,guerrero456,1877,Black
apoll12on1,1161,streploz,2060,Black
x_revenoir_x,1915,a5pix3l,2028,White
Baizakov454868,1804,antonio3w,1765,Black
Balajiravi,1809,phil2024,1744,Black
jeaffidass,2105,Micro_00,1500,Black
Tluangtea,1778,Ellsaraa,1500,Black
ildottore1981,1409,Samthecat,1386,White
IHATELOSEEE,1036,Tal606,1140,Black
telltales,1195,Davechess9000,2192,White
Mojtaba1414,1610,bernd_kaiser,1842,White
Iain1010,1500,mostafa55jhdd,1782,White
Bernd-Tauchlehrer,1774,Kuvla,2319,Black
Magnosohika,2292,marleyjoubert,1765,Black
Rubi_chess,1826,Norm53,2391,Black
adwaidmj,1861,the_art_teacher,1500,Black
dhodysetyawan,2045,mumud123,1858,White
mars1953,1991,Cantona85,1659,Black
Kowad_NfT,2251,R-Pro,1328,Black
MmeLatouche,1789,ggerousis,1495,Black
ReyMath27,1344,Mars0808,2153,Black
KFiryz4ceLoK,1843,sumitkulkarnee,1567,Black
sv424,1472,Alex19898989,1855,White
herudawe,1883,palermokazar,2085,White
muthumani12345,1314,twinkli,1843,Black
Dhruvchess082008,772,Artem_Baruzdin,1474,White
vdovak,1500,AlikhanGrandmaster,1500,Black
Imath_10,1539,Rac749,1447,White
NCS_20,1900,AlicanteChess,2433,Black
Lasrlayar,2564,Ljenkins0331,1747,White
Ta2022,1500,kurapiiika,1063,White
Pelejador20,1500,amol0000,1028,Black
aliii96,1185,Rigbyanjay,2670,Black
Dmitry_416361,1500,Germancarlos,1500,Black
Parvaneh1970,1794,stalin4760,1514,Black
Samuel_y,1911,EDPsuccesor,1099,Black
saldme,1396,Captaincodd,1580,Black
YamilBanegas,1500,eunoeo,1816,White
jadoof,1275,ngoc2k12,1061,Black
